hashtag,mediacount
#alarmstuferot,79473.0
#tickets,3597599.0
#covidcovercontestchallenge,7.0
#bunt,2035052.0
#dackelterror,29.0
#ska,2776174.0
#bandsupport,8696.0
#lovemusichateracism,28120.0
#alternativerock,3284800.0
#impfung,154629.0
#bane,946438.0
#izulu,3790.0
#konz,30645.0
#punkgirl,1393608.0
#antifableibtnotwendig,568.0
#covidcovercontest,15.0
#würzburg,1807840.0
#popmusik,110571.0
#rockgegenrechts,3507.0
#weekend,166125215.0
#stadt,1398552.0
#cdproduktion,1184.0
#collab,8248258.0
#kantelleiddinner,5.0
#esgibtkeinruhigeshinterland,1437.0
#seebrücke,190221.0
#show,42186433.0
#fassaden,68129.0
#75jahreauschwitzbefreiung,108.0
#Rock,76699527.0
#sticker,11895379.0
#war,11035301.0
#dietotenhosen,109804.0
#deluxe,2254065.0
#deepwater,222724.0
#eierpogo,14.0
#grauzone,12894.0
#wählengehen,74459.0
#5vier,77.0
#amarsch,12766.0
#lautgegennazis,13282.0
#heimatfest,15942.0
#latenightnachbarnnerven,1.0
#exhaussampler,15.0
#virus,5107724.0
#exhausbleibt,670.0
#oberbillig,878.0
#saarlandasozial,4957.0
#piñacolada,706745.0
#schlossberg,114622.0
#schuttundasche,1610.0
#fridaysforfuturegermany,17687.0
#slime,15484579.0
#danke,4432153.0
#hausderjugend,9231.0
#toxoplasma,8608.0
#risikodeluxe,360.0
#spendenaktion,305857.0
#merchandise,4080516.0
#momente,434536.0
#mühlheimasozial,142.0
#samplers,65327.0
#stadtterror,12.0
#kneipenjungs,17.0
#musikvideo,863819.0
#goetzwidmann,560.0
#poppunk,3901184.0
#ingmarathonluxembourg,1400.0
#songwriting,2774988.0
#soon,9957967.0
#nimmstdunochoderholstduschon,10.0
#testpressung,553.0
#fckafd,382200.0
#supportyourlocalscene,83202.0
#guitar,57506718.0
#supportyourlocal,2427777.0
#smoothies,4646286.0
#montreal,22533166.0
#fckdierechte,322.0
#fest,4648033.0
#armin,1221410.0
#pfeffi,39210.0
#stage,12094537.0
#fightnazis,6742.0
#pb,5774735.0
#contest,12475981.0
#subkultur,36311.0
#rockaufmberg,52.0
#gegenpopulismus,976.0
#dorfassis,44.0
#alternative,27559219.0
#Band,28722862.0
#flummi,11726.0
#feminismus,326968.0
#antifa,1242707.0
#fastnacht,222270.0
#hcpunk,91234.0
#fridaysforfuturetrier,186.0
#punktoo,2330.0
#käptnpicus,226.0
#protestsound,75.0
#marathon,15093084.0
#PunkRock,10029304.0
#devilsplace,1201.0
#vorfreude,2453068.0
#aktionsbündnis,862.0
#molotow,778765.0
#proberaum,42206.0
#zivilisation,4721.0
#abschied,439627.0
#liveconcert,2082293.0
#auftritt,193366.0
#connewitz,45949.0
#desaster,21734.0
#genz,2387176.0
#wirstehenzusammen,14375.0
#wobleibtderbassist,2.0
#otter,1440995.0
#hopepunk,24784.0
#alligatoah,84903.0
#recording,8715151.0
#theshowmustbepaused,454878.0
#Exhaus,7275.0
#luckysluke,976.0
#molotowhamburg,2578.0
#ungleicheit,82.0
#b1101,143.0
#queer,16981818.0
#summer,575127139.0
#luxembourg,4706793.0
#Weihnachten,9560501.0
#systemchangenotclimatechange,52124.0
#womensrights,2412270.0
#politik,2429586.0
#abzstuttgart,3.0
#exodersaarländer,13.0
#lulu,3176309.0
#happynewyear,66582524.0
#lüdenscheid,209903.0
#altstadtfest,41768.0
#spotifyartist,763868.0
#fghtnzs,1518.0
#guitarist,18062606.0
#tanz,896174.0
#exfreund,12019.0
#aknekidjoe,2139.0
#flintapunk,182.0
#nohate,1652856.0
#newalbum,4901012.0
#rockfestival,188084.0
#schooljam,1020.0
#künstlerin,598832.0
#applemusic,8344968.0
#shop,69193430.0
#rassismus,138966.0
#trierasozial,2.0
#punkrockmusic,325431.0
#nazisraus,86886.0
#AlternativeWeekend,2431.0
#gewaltstoppen,1937.0
#womenpowerment,100441.0
#marktkreuzattacke,1.0
#heimat,4142243.0
#transdayofremembrance,50672.0
#support,61380759.0
#moshpit,786520.0
#bühne,404546.0
#exrakete,146.0
#geil,408392.0
#klimaschutz,793610.0
#fcknzs,451765.0
#midnightdance,4594.0
#exfreundin,6070.0
#dystopia,901848.0
#engagement,33890990.0
#garage,7891122.0
#techno,24899532.0
#keinbockaufdeutschrock,4.0
#Euskirchen,167726.0
#memories,115191258.0
#metal,40056962.0
#saarbrücken,1108906.0
#singer,73111802.0
#sündflut,1143.0
#derganzerest,733.0
#behindthescenes,17320678.0
#Crossover,3334930.0
#Trier,980141.0
#skapunk,385916.0
#rock,76709932.0
#hate,8490435.0
#compilation,920280.0
#streams,562231.0
#music,505023016.0
#berlinpunk,7751.0
#veröffentlichung,49864.0
#resist,2539910.0
#theironroses,988.0
#lovemusichatefascism,12591.0
#indie,21547349.0
#LiveInKöln,1796.0
#buch,2866224.0
#punkmeanssolidarity,74.0
#konzerte,228878.0
#kussngroove,91.0
#aschaffenburg,773469.0
#genuggeprobt,14.0
#lockdown,19565115.0
#mittelfinger,50030.0
#schauambau2023,14.0
#wählliebe,1808.0
#honig,584253.0
#funpunk,6951.0
#risikoseluxe,1.0
#toleranz,188069.0
#orangetheworld,246626.0
#benefiz,56622.0
#kban,4948.0
#itchy,275616.0
#kahlgrundspessart,4062.0
#luke,4057431.0
#abstellgleis,4945.0
#geschenk,3926931.0
#solidarisch,19628.0
#equalityforall,1042604.0
#newcomerband,12219.0
#ep,4077644.0
#bett,482613.0
#auftour,23777.0
#todispute,27.0
#neuerscheinung,373218.0
#neinzurassismus,18762.0
#neinzurafd,19236.0
#portanigra,49862.0
#bandlift,499.0
#dorfparty,9035.0
#rückblick,377144.0
#releaseday,504911.0
#gegenjedenantisemitismus,9334.0
#freidenkeralarm,710.0
#bausendorf,1104.0
#sauna,5278164.0
#studentparty,52945.0
#gegendasvergessen,56213.0
#vianne,6966.0
#thejeals,902.0
#raggletaggle,255.0
#verschenken,98505.0
#album,14666283.0
#mittwoch,892424.0
#waehlliebe,726.0
#punksagainstracism,935.0
#geschichte,1126428.0
#brutalism,1547679.0
#hatersgonnahate,3408269.0
#livemusic,53188692.0
#tshirt,56522103.0
#exsample,3023.0
#punkfestival,19939.0
#pascow,7343.0
#club,27330141.0
#beem,34277.0
#köln,12016265.0
#stuttgart,12279491.0
#ruinenkinder,6.0
#souloud,2351.0
#kußngroove,6.0
#party,205132197.0
#weiljetztjedestimmezählt,9.0
#triernord,845.0
#punkstelle,93.0
#forfree,275075.0
#festivalsommer,113827.0
#161,882623.0
#konzwirdlaut,99.0
#oxfanzine,6977.0
#demonstration,667962.0
#newsong,19279442.0
#spotifywrapped,579987.0
#fckdeutschrock,7.0
#alerta,875208.0
#ing,869618.0
#vandermeer,3564.0
#vorverkauf,55421.0
#kohleausstieg,23377.0
#phantombay,418.0
#darmstadtcityrebels,36.0
#killyouridols,17331.0
#dünneseis,1774.0
#dorfliebe,54503.0
#sampler,501833.0
#soli,172442.0
#livestream,5879242.0
#punkmusic,647590.0
#selfcare,96480615.0
#tanzen,1525709.0
#hateracism,16571.0
#koeln,703332.0
#imherzen,21620.0
#supportyourlocalfestival,2315.0
#freepunkrecords,7.0
#tvclub,2727.0
#wirsindoberbillig,5.0
#makelovenotwar,668845.0
#vantage,595586.0
#jesus,83890778.0
#scheune,66395.0
#berliner,850958.0
#speakup,1645086.0
#Konzert,2409140.0
#new,214784952.0
#rettetdasexhaus,385.0
#recordingstudio,5583142.0
#studio,49247827.0
#pridemonth,10196052.0
#bandcontest,22229.0
#comingsoon,38942464.0
#ingodwetrust,692191.0
#2,75626929.0
#esterbejarano,29.0
#fehltritt,561.0
#abgrund,12788.0
#ban,1052593.0
#jugendkultur,23285.0
#horror,31323501.0
#schreikinder,224.0
#djfrom10pm,16.0
#klimawandel,493948.0
#sea,182835020.0
#happybirthday,139251775.0
#lgbtqia,6132717.0
#endlichfünf,597.0
#quattropopfestival,29.0
#besseralsnix,6640.0
#covidsucks,474614.0
#gigs,2249479.0
#hatefacismlovemusic,24.0
#dieaerzte,10287.0
#femalepower,647812.0
#fussel,25962.0
#vorbestellen,46333.0
#waterisahumanright,44276.0
#karaoke,9466827.0
#triercity,50148.0
#bandlife,833773.0
#laschomat,187.0
#vielfalt,554250.0
#ichbinoberbillig,4.0
#klimastreik,119678.0
#allesmuskaputtsein,1.0
#fightfascism,36996.0
#musician,50642855.0
#fürdiedemokratie,1071.0
#memedov,616.0
#wirsindtrier,5078.0
#newsingle,4042415.0
#single,22593025.0
#lottalaerm,17.0
#kusel,37111.0
#wunschbrunnen,3088.0
#rockmusik,104763.0
#unterkirnach,4067.0
#beemfestival,97.0
#lgbtq,26385038.0
#specialguest,535178.0
#fuck2021,18898.0
#covid_19,26297338.0
#tape,2272299.0
#heimtfest,13.0
#peoplehateus,1050.0
#show8pm,168.0
#Interview,12050887.0
#bornthisway,1337873.0
#besseralsnixfestival,431.0
#punk,23439438.0
#abriss,217954.0
#infoladen,740.0
#festivals,4437650.0
#queidersbach,1628.0
#altrock,1445024.0
#indierock,4248039.0
#punkistdasgeilste,891.0
#neverdevided,39.0
#kwl,35355.0
#5,27168343.0
#singlerelease,354640.0
#lux,7674099.0
#badbederkesa,7550.0
#gentrification,339407.0
#depression,25619976.0
#holocaust,938788.0
#VIDEO,238891974.0
#equalitymatters,225163.0
#queergartentrier,200.0
#götzwidmann,
